insert into sets (id_set, answer1, answer2, answer3, correct_answer, explanation, question) values (1,'Mean Girls', 'American Pie', 'The Breakfast Club', 'Titanic', 'Titanic is not a High School movie', 'Which movie differs from others?');
insert into sets (id_set, answer1, answer2, answer3, correct_answer, explanation, question) values (2,'Unbreakable', 'The Sixth Sense', 'The Village', '12 Monkeys', '12 Monkeys is not a movie by M. Night Shyamalan', 'One movie has a different director. Which one?');
insert into sets (id_set, answer1, answer2, answer3, correct_answer, explanation, question) values (3,'Monsters Inc.', 'Toy Story', 'Finding Nemo', 'Shrek', 'Shrek is not a Pixar movie', 'Which cartoon differs from others?');
insert into sets (id_set, answer1, answer2, answer3, correct_answer, explanation, question) values (4,'Zombieland', 'Dawn of the Dead', '28 Days Later', 'Saw', 'Saw is not a zombie movie', 'Death and blood... But one is different. Which one?');
insert into sets (id_set, answer1, answer2, answer3, correct_answer, explanation, question) values (5,'Kill Bill Vol1', 'Reservoir Dogs', 'Inglorious Basterds', 'Schindler''s List', 'Quentin Tarantino did not worked in Schindler''s List', 'One movie has a different director. Which one?');
insert into sets (id_set, answer1, answer2, answer3, correct_answer, explanation, question) values (6,'Training Day', 'Man on Fire', 'Deja Vu', 'Departed', 'Denzel Washington does not appear in Departed', 'In one of these movie an actor not appears. Which one?');
insert into sets (id_set, answer1, answer2, answer3, correct_answer, explanation, question) values (7,'The Godfather', 'Scarface', 'Dog Day Afternoon', 'Casino', 'Al Pacino does not appear on Casino', 'In one of these movie an actor not appears. Which one?');
insert into sets (id_set, answer1, answer2, answer3, correct_answer, explanation, question) values (8,'Goodfellas', 'Casino', 'Taxi Driver', 'Scarface', 'Robert De Niro does not apppear on Scarface', 'In one of these movie an actor not appears. Which one?');
insert into sets (id_set, answer1, answer2, answer3, correct_answer, explanation, question) values (9,'The Shining', 'Pet Sematary', 'It', 'Poltergeist', 'Poltergeist is not based on a Stephen King book', 'All based on a writer''s book?');
insert into sets (id_set, answer1, answer2, answer3, correct_answer, explanation, question) values (10,'The Matrix', 'X-Men: Days of Future Past', 'Lucy', 'Forrest Gump', 'Forrest Gump is not a science Fiction movie', 'Which movie differs from others?');
insert into sets (id_set, answer1, answer2, answer3, correct_answer, explanation, question) values (11,'Tom Jones', 'Rocky', 'The Greatest Show on Earth', 'Citizen Kane', 'Citizen Kane did not win Best Picture', 'A matter of awards...');
insert into sets (id_set, answer1, answer2, answer3, correct_answer, explanation, question) values (12,'The Pledge', 'Mars Attacks!', 'One Flew Over the Cuckoo''s Nest', 'The Wolf of Wall Street', 'The Wolf of Wall Street is the only one without Jack Nicholson', 'In one of these movie an actor not appears. Which one?');
insert into sets (id_set, answer1, answer2, answer3, correct_answer, explanation, question) values (13, 'Apocalypse Now', 'Full Metal Jacket', 'Platoon', 'Saving Private Ryan', 'Saving Private Ryan is about WWII, not Vietnam War', 'Which is the one not about Vietnam?');
insert into sets (id_set, answer1, answer2, answer3, correct_answer, explanation, question) values (14,'Terminator', 'Commando', 'Predator', 'Rocky', 'Arnold Schwarzenegger was not in Rocky ', 'In one of these movie an actor not appears. Which one?');
insert into sets (id_set, answer1, answer2, answer3, correct_answer, explanation, question) values (15,'The Matrix', 'Mad Max', 'The Godfather', 'Pulp Fiction', 'Pulp Fiction is the only one not part of a trilogy', 'One movie is not part of a trilogy. Which one?');
insert into sets (id_set, answer1, answer2, answer3, correct_answer, explanation, question) values (16,'The Fellowship of the Ring', 'The Two Towers', 'The Return of the King', 'An Unexpected Journey', 'An Unexpected Journey is part of The Hobbit trilogy', 'Which movie is from a different trilogy?');
insert into sets (id_set, answer1, answer2, answer3, correct_answer, explanation, question) values (17,'Snatch', 'World War Z', 'Sleepers', 'Mission: Impossible - Ghost Protocol', 'Brad Pitt did not appear in Mission: Impossible - Ghost Protocol', 'In one of these movie an actor not appears. Which one?');
insert into sets (id_set, answer1, answer2, answer3, correct_answer, explanation, question) values (18,'The Dark Knight Rises', 'The Avengers', 'The Amazing Spider-Man', 'The Incredible Hulk', 'All but The Incredible Hulk are 2012 movies', 'Which movie was released in a different year?');
insert into sets (id_set, answer1, answer2, answer3, correct_answer, explanation, question) values (19,'Iron Man', 'The Amazing Spider-Man', 'Captain America: The First Avenger', 'The Dark Knight', 'All but The Dark Knight are part of the Marvel Universe', 'Which movie is from a different universe?');
insert into sets (id_set, answer1, answer2, answer3, correct_answer, explanation, question) values (20,'The Empire Strikes Back', 'Return of the Jedi', 'A New Hope', 'The Phantom Menace', 'The Phantom Menace is part of the new Star Wars trilogy.', 'Old versus New...');


insert into mutibo_user (user_id, password, role, username) values (0, 'pass', 'USER', 'user0');
insert into mutibo_user (user_id, password, role, username) values (1, 'pass', 'USER', 'user1');
insert into mutibo_user (user_id, password, role, username) values (2, 'pass', 'USER', 'user2');
insert into mutibo_user (user_id, password, role, username) values (3, 'pass', 'USER', 'user3');
insert into mutibo_user (user_id, password, role, username) values (4, 'pass', 'USER', 'user4');
insert into mutibo_user (user_id, password, role, username) values (5, 'pass', 'USER', 'user5');
insert into mutibo_user (user_id, password, role, username) values (6, 'pass', 'USER', 'user6');
insert into mutibo_user (user_id, password, role, username) values (7, 'pass', 'USER', 'user7');
insert into mutibo_user (user_id, password, role, username) values (8, 'pass', 'USER', 'user8');
insert into mutibo_user (user_id, password, role, username) values (9, 'pass', 'USER', 'user9');
insert into mutibo_user (user_id, password, role, username) values (10, 'pass', 'USER', 'user10');


insert into rating(id, id_set, avg_rating_value) values (1, 1, 1.6);
insert into rating(id, id_set, avg_rating_value) values (2, 2, 1.6);
insert into rating(id, id_set, avg_rating_value) values (3, 3, 1.6);
insert into rating(id, id_set, avg_rating_value) values (4, 4, 1.6);
insert into rating(id, id_set, avg_rating_value) values (5, 5, 1.6);

insert into rating_ratings (rating_id, ratings) values (1, 0.5);
insert into rating_ratings (rating_id, ratings) values (1, 0.5);
insert into rating_ratings (rating_id, ratings) values (1, 0.5);
insert into rating_ratings (rating_id, ratings) values (1, 0.5);
insert into rating_ratings (rating_id, ratings) values (1, 0.5);
insert into rating_ratings (rating_id, ratings) values (1, 0.5);
insert into rating_ratings (rating_id, ratings) values (1, 0.5);
insert into rating_ratings (rating_id, ratings) values (1, 0.5);
insert into rating_ratings (rating_id, ratings) values (1, 0.5);

insert into rating_users_name_rated_set (rating_id, users_name_rated_set) values (1, 'user1');
insert into rating_users_name_rated_set (rating_id, users_name_rated_set) values (1, 'user2');
insert into rating_users_name_rated_set (rating_id, users_name_rated_set) values (1, 'user3');
insert into rating_users_name_rated_set (rating_id, users_name_rated_set) values (1, 'user4');
insert into rating_users_name_rated_set (rating_id, users_name_rated_set) values (1, 'user5');
insert into rating_users_name_rated_set (rating_id, users_name_rated_set) values (1, 'user6');
insert into rating_users_name_rated_set (rating_id, users_name_rated_set) values (1, 'user7');
insert into rating_users_name_rated_set (rating_id, users_name_rated_set) values (1, 'user8');
insert into rating_users_name_rated_set (rating_id, users_name_rated_set) values (1, 'user9');

insert into rating_ratings (rating_id, ratings) values (2, 0.5);
insert into rating_ratings (rating_id, ratings) values (2, 0.5);
insert into rating_ratings (rating_id, ratings) values (2, 0.5);
insert into rating_ratings (rating_id, ratings) values (2, 0.5);
insert into rating_ratings (rating_id, ratings) values (2, 0.5);
insert into rating_ratings (rating_id, ratings) values (2, 0.5);
insert into rating_ratings (rating_id, ratings) values (2, 0.5);
insert into rating_ratings (rating_id, ratings) values (2, 0.5);
insert into rating_ratings (rating_id, ratings) values (2, 0.5);

insert into rating_users_name_rated_set (rating_id, users_name_rated_set) values (2, 'user1');
insert into rating_users_name_rated_set (rating_id, users_name_rated_set) values (2, 'user2');
insert into rating_users_name_rated_set (rating_id, users_name_rated_set) values (2, 'user3');
insert into rating_users_name_rated_set (rating_id, users_name_rated_set) values (2, 'user4');
insert into rating_users_name_rated_set (rating_id, users_name_rated_set) values (2, 'user5');
insert into rating_users_name_rated_set (rating_id, users_name_rated_set) values (2, 'user6');
insert into rating_users_name_rated_set (rating_id, users_name_rated_set) values (2, 'user7');
insert into rating_users_name_rated_set (rating_id, users_name_rated_set) values (2, 'user8');
insert into rating_users_name_rated_set (rating_id, users_name_rated_set) values (2, 'user9');

insert into rating_ratings (rating_id, ratings) values (3, 0.5);
insert into rating_ratings (rating_id, ratings) values (3, 0.5);
insert into rating_ratings (rating_id, ratings) values (3, 0.5);
insert into rating_ratings (rating_id, ratings) values (3, 0.5);
insert into rating_ratings (rating_id, ratings) values (3, 0.5);
insert into rating_ratings (rating_id, ratings) values (3, 0.5);
insert into rating_ratings (rating_id, ratings) values (3, 0.5);
insert into rating_ratings (rating_id, ratings) values (3, 0.5);
insert into rating_ratings (rating_id, ratings) values (3, 0.5);

insert into rating_users_name_rated_set (rating_id, users_name_rated_set) values (3, 'user1');
insert into rating_users_name_rated_set (rating_id, users_name_rated_set) values (3, 'user2');
insert into rating_users_name_rated_set (rating_id, users_name_rated_set) values (3, 'user3');
insert into rating_users_name_rated_set (rating_id, users_name_rated_set) values (3, 'user4');
insert into rating_users_name_rated_set (rating_id, users_name_rated_set) values (3, 'user5');
insert into rating_users_name_rated_set (rating_id, users_name_rated_set) values (3, 'user6');
insert into rating_users_name_rated_set (rating_id, users_name_rated_set) values (3, 'user7');
insert into rating_users_name_rated_set (rating_id, users_name_rated_set) values (3, 'user8');
insert into rating_users_name_rated_set (rating_id, users_name_rated_set) values (3, 'user9');

insert into rating_ratings (rating_id, ratings) values (4, 0.5);
insert into rating_ratings (rating_id, ratings) values (4, 0.5);
insert into rating_ratings (rating_id, ratings) values (4, 0.5);
insert into rating_ratings (rating_id, ratings) values (4, 0.5);
insert into rating_ratings (rating_id, ratings) values (4, 0.5);
insert into rating_ratings (rating_id, ratings) values (4, 0.5);
insert into rating_ratings (rating_id, ratings) values (4, 0.5);
insert into rating_ratings (rating_id, ratings) values (4, 0.5);
insert into rating_ratings (rating_id, ratings) values (4, 0.5);

insert into rating_users_name_rated_set (rating_id, users_name_rated_set) values (4, 'user1');
insert into rating_users_name_rated_set (rating_id, users_name_rated_set) values (4, 'user2');
insert into rating_users_name_rated_set (rating_id, users_name_rated_set) values (4, 'user3');
insert into rating_users_name_rated_set (rating_id, users_name_rated_set) values (4, 'user4');
insert into rating_users_name_rated_set (rating_id, users_name_rated_set) values (4, 'user5');
insert into rating_users_name_rated_set (rating_id, users_name_rated_set) values (4, 'user6');
insert into rating_users_name_rated_set (rating_id, users_name_rated_set) values (4, 'user7');
insert into rating_users_name_rated_set (rating_id, users_name_rated_set) values (4, 'user8');
insert into rating_users_name_rated_set (rating_id, users_name_rated_set) values (4, 'user9');

insert into rating_ratings (rating_id, ratings) values (5, 0.5);
insert into rating_ratings (rating_id, ratings) values (5, 0.5);
insert into rating_ratings (rating_id, ratings) values (5, 0.5);
insert into rating_ratings (rating_id, ratings) values (5, 0.5);
insert into rating_ratings (rating_id, ratings) values (5, 0.5);
insert into rating_ratings (rating_id, ratings) values (5, 0.5);
insert into rating_ratings (rating_id, ratings) values (5, 0.5);
insert into rating_ratings (rating_id, ratings) values (5, 0.5);
insert into rating_ratings (rating_id, ratings) values (5, 0.5);

insert into rating_users_name_rated_set (rating_id, users_name_rated_set) values (5, 'user1');
insert into rating_users_name_rated_set (rating_id, users_name_rated_set) values (5, 'user2');
insert into rating_users_name_rated_set (rating_id, users_name_rated_set) values (5, 'user3');
insert into rating_users_name_rated_set (rating_id, users_name_rated_set) values (5, 'user4');
insert into rating_users_name_rated_set (rating_id, users_name_rated_set) values (5, 'user5');
insert into rating_users_name_rated_set (rating_id, users_name_rated_set) values (5, 'user6');
insert into rating_users_name_rated_set (rating_id, users_name_rated_set) values (5, 'user7');
insert into rating_users_name_rated_set (rating_id, users_name_rated_set) values (5, 'user8');
insert into rating_users_name_rated_set (rating_id, users_name_rated_set) values (5, 'user9');